,date,words,attr,url
0,31.07.17 01:17,transfer wordpress site to new hosting on go daddy,$25,http://www.upwork.com/jobs/~0128ee47f8bc1db79b
1,31.07.17 01:17,i need someone to create and design a land investing website,Hourly,http://www.upwork.com/jobs/~010073327960d7d720
2,31.07.17 01:17,need to have my website designed and set up,$75,http://www.upwork.com/jobs/~0183a27f9be5f1f595
3,31.07.17 01:17,need ecommerce site developer,$100,http://www.upwork.com/jobs/~011ee2079f1631d7d2
4,31.07.17 01:17,moving videos from wistia to thinkific and organizing a course,Hourly,http://www.upwork.com/jobs/~0192849f8f0d0d9be1
5,31.07.17 01:17,web application wordpress,$50,http://www.upwork.com/jobs/~01edf35b2d70de29ea
6,31.07.17 01:17,ui design for business directory site,$250,http://www.upwork.com/jobs/~013b08df3bb52ea1ad
7,31.07.17 01:17,an hardworking product manager needed,Hourly,http://www.upwork.com/jobs/~014c418d4f877ba9e4
8,31.07.17 01:17,improve google analytics performance stats,$100,http://www.upwork.com/jobs/~01b486ce1abfd53c8a
9,31.07.17 01:17,are you the customer success wizard we are looking for,Hourly,http://www.upwork.com/jobs/~0161390acfbb0381d1
10,31.07.17 01:17,simple homepage with specific font layout,Hourly,http://www.upwork.com/jobs/~01280f75d4b56385ff
11,31.07.17 01:17,word press developer,Hourly,http://www.upwork.com/jobs/~01cf510932f3e9a90c
12,31.07.17 01:17,website appears broken need fixed asap,$20,http://www.upwork.com/jobs/~011e562e74e5166229
13,31.07.17 01:17,webpage designer,Hourly,http://www.upwork.com/jobs/~011c0ae7f3af5977eb
14,31.07.17 01:17,wordpress plugin changes,Hourly,http://www.upwork.com/jobs/~01fbcade836d4365db
15,31.07.17 01:17,expert required to optimize website speed,$30,http://www.upwork.com/jobs/~01c2a0bdfc0d0022ee
16,31.07.17 01:17,experienced wordpress developer,$30,http://www.upwork.com/jobs/~010caaf9524bc6b2ef
17,31.07.17 01:17,i want to run a reseller hosting company online i have domain,Hourly,http://www.upwork.com/jobs/~019e15c9d23d7d9711
18,31.07.17 01:17,website,$400,http://www.upwork.com/jobs/~01c44d6e268a79c15a
19,31.07.17 01:17,wordpress woocommerce admin,Hourly,http://www.upwork.com/jobs/~0161c5d188412c637b
20,31.07.17 01:17,fix broken wordpress site,Hourly,http://www.upwork.com/jobs/~014d46c97b4bf36cc6
21,31.07.17 01:17,copy mtouch quizzes from one mysql database to another,Hourly,http://www.upwork.com/jobs/~0156e8243f23f7e1ca
22,31.07.17 01:17,create high converting landing page,$15,http://www.upwork.com/jobs/~0135411be4cfae2a68
23,31.07.17 01:17,long term freelancer for several projects,$5,http://www.upwork.com/jobs/~01b678079afa044fd1
24,31.07.17 01:17,writer needed for reviews and comparisons on emerging tech site,Hourly,http://www.upwork.com/jobs/~0133cf5c5eb2898e1c
25,31.07.17 01:17,basic website by sunday,$40,http://www.upwork.com/jobs/~018c7a98100202ab78
26,31.07.17 01:17,wordpress article cleanup,$30,http://www.upwork.com/jobs/~01fc5046d659f9c99e
27,31.07.17 01:17,post blogs schedule blog posts to wordpress weebly sites,Hourly,http://www.upwork.com/jobs/~01f12887e9c8805295
28,31.07.17 01:17,domain name generator,$200,http://www.upwork.com/jobs/~01cb1da0942e9615b0
29,31.07.17 01:17,data entry,Hourly,http://www.upwork.com/jobs/~01e2385fb635b46edb
30,31.07.17 01:17,german website developer and on page optimization,$300,http://www.upwork.com/jobs/~01efadfedf55205b51
31,31.07.17 01:17,looking for a web developer,$100,http://www.upwork.com/jobs/~0119efc4180d4501ed
32,31.07.17 01:17,front and back office real estate broker website,Hourly,http://www.upwork.com/jobs/~0158dbb6bdb44fb136
33,31.07.17 01:17,wordpress developer,$100,http://www.upwork.com/jobs/~0168ea42babab46422
34,31.07.17 01:17,update my current wordpress website,$400,http://www.upwork.com/jobs/~01915a6fc80d6f1c4d
35,31.07.17 01:17,create a banner to promote a download product,Hourly,http://www.upwork.com/jobs/~018a99a918e20e3a80
36,31.07.17 01:17,need help cleaning up the back end of a joomla website for improved seo enhanced performance and more insightful google analytics,Hourly,http://www.upwork.com/jobs/~0148588d02708876e5
37,31.07.17 01:17,website development,Hourly,http://www.upwork.com/jobs/~01a0c591c36280401d
38,31.07.17 01:17,full stack developer,$5000,http://www.upwork.com/jobs/~018b0df6cc87a1d773
39,31.07.17 01:17,create 2 contact forms with dependent fields and selectable recipients in gravity forms in wordpress,$80,http://www.upwork.com/jobs/~01ffafb8b58dd14922
40,31.07.17 01:17,help with woocommerce order complete page,Hourly,http://www.upwork.com/jobs/~01bb7349fecea89074
41,31.07.17 01:17,are you the social media wizard we are looking for,Hourly,http://www.upwork.com/jobs/~010b07eba2e69ffad6
42,31.07.17 01:17,wordpress help needed now specifically regarding woocommerce product image sizing etc,Hourly,http://www.upwork.com/jobs/~01dd1179760c65df65
43,31.07.17 01:17,ongoing facebook social media marketing for various clients,Hourly,http://www.upwork.com/jobs/~014053fa6b244e7598
44,31.07.17 01:17,wordpress site maintenance,$150,http://www.upwork.com/jobs/~01bad744ee5389cf08
45,31.07.17 01:17,write article about chicago things to do at night,$20,http://www.upwork.com/jobs/~0158de106dc56c524c
46,31.07.17 01:17,one page web page,$200,http://www.upwork.com/jobs/~01ae691cde48efa62f
47,31.07.17 01:17,consistent wordpress editor for my platforms,Hourly,http://www.upwork.com/jobs/~01e585f8af6b2d85c9
48,31.07.17 01:17,i need a wordpress developer for my homepage,Hourly,http://www.upwork.com/jobs/~0107622a92d70b1526
49,31.07.17 01:17,prepare 2 wordpress websites for php7,$100,http://www.upwork.com/jobs/~01e319e0592c9d62b0
50,31.07.17 01:17,a few things on my wordpress site woocomerce subscription,$80,http://www.upwork.com/jobs/~015380a436f0db8231
51,31.07.17 01:17,plugin and website development,Hourly,http://www.upwork.com/jobs/~011ff037412e6a3893
52,31.07.17 01:17,need help creating a high converting website,Hourly,http://www.upwork.com/jobs/~015b5cb1034e463374
53,31.07.17 01:17,a small request,$20,http://www.upwork.com/jobs/~0108c9a6d4a6858ae5
54,31.07.17 01:17,wordpress avada theme expert,Hourly,http://www.upwork.com/jobs/~01bd09b8c1d5894917
55,31.07.17 01:17,need as many as possible workers in our compamy,Hourly,http://www.upwork.com/jobs/~01abf70ea6609a10a4
56,31.07.17 01:17,long form content for investing forex website,Hourly,http://www.upwork.com/jobs/~018f099069b1e30edc
57,31.07.17 01:17,wordpress expert required for social links and mobile version,$80,http://www.upwork.com/jobs/~0149d47ed2dc599efb
58,31.07.17 01:17,create wordpress plugin to integrate membership site,$400,http://www.upwork.com/jobs/~0167bf136bf557c31b
59,31.07.17 01:17,rockstar social media online marketing assistant for women entrepreneur brand,Hourly,http://www.upwork.com/jobs/~01ec5dffc99ced1cb4
60,31.07.17 01:18,word press front end,$100,http://www.upwork.com/jobs/~01f88b5a498de669c8
61,31.07.17 01:18,update wordpress plugin generate pdf file from images into template,Hourly,http://www.upwork.com/jobs/~01f353ae7319ba709a
62,31.07.17 01:18,php backend wordpress,$5,http://www.upwork.com/jobs/~01d920773ebda3f128
63,31.07.17 01:18,optimize wordpress site for speed and seo,Hourly,http://www.upwork.com/jobs/~0108a561a842b91582
64,31.07.17 01:18,html bootstrap to wordpress,$500,http://www.upwork.com/jobs/~0195e2370b2f3a5712
65,31.07.17 01:18,new layout for ecommerce site on wordpress,$40,http://www.upwork.com/jobs/~01e3a41192d121949d
66,31.07.17 01:18,update website,Hourly,http://www.upwork.com/jobs/~0125f3f4c4ed4935d4
67,31.07.17 01:18,i need someone to set up my e commerce tracking for google analytics correctly,Hourly,http://www.upwork.com/jobs/~01d430478069daac76
68,31.07.17 01:18,landing page design no code,$200,http://www.upwork.com/jobs/~012ee98b8787d30153
69,31.07.17 01:18,fix some kinks on my site,Hourly,http://www.upwork.com/jobs/~018ab856eb087daa3d
70,31.07.17 01:18,wordpress website vacation condo rental site no ecommerce needed,$150,http://www.upwork.com/jobs/~01aa679996b06d1dd8
71,31.07.17 01:18,add a feature to wcpos wp plugin,$10,http://www.upwork.com/jobs/~01923b3c189a590620
72,31.07.17 01:18,need mobile back end ios developer php good in mainly php db tables creation and web services,Hourly,http://www.upwork.com/jobs/~01b3086098dbb28599
73,31.07.17 01:18,seo analyst,Hourly,http://www.upwork.com/jobs/~01afba18af572a5dbd
74,31.07.17 01:18,build a responsive graph for use on my wordpress home page,Hourly,http://www.upwork.com/jobs/~01c945000c7fa5b413
75,31.07.17 01:18,wordpress guru,$50,http://www.upwork.com/jobs/~01f4aeaaa483323af2
76,31.07.17 01:18,mobile mega menu editing on wordpress flatsome theme,$10,http://www.upwork.com/jobs/~0125f756eb592c13e8
77,31.07.17 01:18,wordpress internal network project long term relationship,Hourly,http://www.upwork.com/jobs/~0160f979d4c73c0489
78,31.07.17 01:18,local classifieds seo improvements,Hourly,http://www.upwork.com/jobs/~01a34793dceafc909a
79,31.07.17 01:18,virtual assistant data entry blog reasearch,Hourly,http://www.upwork.com/jobs/~0170de5df87e931914
80,31.07.17 01:18,euroak flooring,$1000,http://www.upwork.com/jobs/~0167fd886eaf8ea961
81,31.07.17 01:18,online store site,Hourly,http://www.upwork.com/jobs/~0193a30e413a630564
82,31.07.17 01:18,need help with uploading images to the wordpress website,Hourly,http://www.upwork.com/jobs/~016767b9b626a77ecb
83,31.07.17 01:18,add multi language functionality on wordpress website,Hourly,http://www.upwork.com/jobs/~0178c1a86faa7edbdd
84,31.07.17 01:18,store setup start to finish,Hourly,http://www.upwork.com/jobs/~016aead35d24169c89
85,31.07.17 01:18,website developer,$500,http://www.upwork.com/jobs/~015aaeb0b5a1ca9309
86,31.07.17 01:18,wordpress woocommerce product sorting,Hourly,http://www.upwork.com/jobs/~01cef32722b1f983af
87,31.07.17 01:18,seo and smm and data input,Hourly,http://www.upwork.com/jobs/~01ea8b7cfac36b9755
88,31.07.17 01:18,editing wordpress site,$50,http://www.upwork.com/jobs/~01227bcadd633738d3
89,31.07.17 01:18,need help resetting wordpress url,$50,http://www.upwork.com/jobs/~010aea7040ca62aae8
90,31.07.17 01:18,wordpress website fixes and improvements,Hourly,http://www.upwork.com/jobs/~01497ecb760dbb92ca
91,31.07.17 01:18,work on a wordpress theme that communicates with mls multiple listing service to present home infomration,Hourly,http://www.upwork.com/jobs/~019ae0ef643a540701
92,31.07.17 01:18,google cloud platform hosting,Hourly,http://www.upwork.com/jobs/~013a1b183673d940c8
93,31.07.17 01:18,make a hybrid app for wordpress site,$800,http://www.upwork.com/jobs/~0105458ec1a76a86db
94,31.07.17 01:18,blog writer needed topic wordpress responsive web design etc,$25,http://www.upwork.com/jobs/~01afa8e495f2764b4a
95,31.07.17 01:18,need urgent change in web page,$5,http://www.upwork.com/jobs/~011b0ea4ee6c226c85
96,31.07.17 01:18,looking for a fast and competent wordpress developer with strong communication skills,$20000,http://www.upwork.com/jobs/~01f1dd8b668cfdfa1d
97,31.07.17 01:18,green website developer,$3000,http://www.upwork.com/jobs/~01ea950b0feb4aa4e5
98,31.07.17 01:18,crm,Hourly,http://www.upwork.com/jobs/~016dd92c4ad6b91945
99,31.07.17 01:18,api experienced team,Hourly,http://www.upwork.com/jobs/~016d55d220092e11ee
100,31.07.17 01:18,magento 2 developer amazon fba integration custom extensions ongoing support,Hourly,http://www.upwork.com/jobs/~01c7c6c29ecd9201fb
101,31.07.17 01:18,modify wordpress template act from theme forest,Hourly,http://www.upwork.com/jobs/~01cad6c086bf8ceec2
102,31.07.17 01:18,build wordpress website,Hourly,http://www.upwork.com/jobs/~01a7aa2120c868c360
103,31.07.17 01:18,web content needed for maid business,Hourly,http://www.upwork.com/jobs/~0135a8e02158cda879
104,31.07.17 01:18,required expert php developer for ecommerce site,$55,http://www.upwork.com/jobs/~0151cba2161e13cae6
105,31.07.17 01:18,building a static website similar to stripe,$200,http://www.upwork.com/jobs/~014f4a873a63e53e37
106,31.07.17 01:18,wordpress website help,Hourly,http://www.upwork.com/jobs/~0176f14025c24cea56
107,31.07.17 01:18,wordpress plugin developer,$100,http://www.upwork.com/jobs/~01a89cdadbe6d2c6f3
108,31.07.17 01:18,outstanding designer needed for wordpress website design no programming,$200,http://www.upwork.com/jobs/~014bc77f5d8f25c2af
109,31.07.17 01:18,i am looking for a quote for services to build a wordpress or website with an app and fitted for mobile devices,Hourly,http://www.upwork.com/jobs/~01690d752202c8fe6f
110,31.07.17 01:18,build woocommerce product import csv,$50,http://www.upwork.com/jobs/~0186bc22a433bdd190
111,31.07.17 01:18,i need somebody to design my website,$130,http://www.upwork.com/jobs/~013cbef3f7652bcded
112,31.07.17 01:18,blog logo needed,$75,http://www.upwork.com/jobs/~011d18d1da6c07ac18
113,31.07.17 01:18,need to create simple wix website,$125,http://www.upwork.com/jobs/~01f547fedf2ec5ed0c
114,31.07.17 01:18,url loading issue pages sometimes only load on 2nd attempt,$20,http://www.upwork.com/jobs/~01fb71105e2f3e6493
115,31.07.17 01:18,need arabic speaking lawyer,$500,http://www.upwork.com/jobs/~01370ea8161906eb6a
116,31.07.17 01:18,setup contact form 7 with fields,$5,http://www.upwork.com/jobs/~01c2bc55b8e312316f
117,31.07.17 01:18,[hiring] looking for long term web developer,$10,http://www.upwork.com/jobs/~014aa3e8e21bd9cc42
118,31.07.17 01:18,make simple html iframe responsive,$5,http://www.upwork.com/jobs/~01a33d3cb5571e54f0
119,31.07.17 01:18,wordpress divi designer virtual assistant,Hourly,http://www.upwork.com/jobs/~011dcaa8b88524da56
120,31.07.17 01:18,responsive web site development 2,$100,http://www.upwork.com/jobs/~016fbd01e54d61c8b4
121,31.07.17 01:18,i need wordpress developers for a website,$50,http://www.upwork.com/jobs/~011702927188a14f91
122,31.07.17 01:18,wordpress woocommerce site quick job with template setup,Hourly,http://www.upwork.com/jobs/~0119d06e3c3407b716
123,31.07.17 01:18,virtual assistant based in new zealand only,Hourly,http://www.upwork.com/jobs/~01b829b8432b194b67
124,31.07.17 01:18,riga all star team creatives designers and developers wanted,Hourly,http://www.upwork.com/jobs/~01a50dced903a973fb
125,31.07.17 01:18,insert products on wordpress on gumtree,$50,http://www.upwork.com/jobs/~014d47c16146cd4ed6
126,31.07.17 01:18,3 4 hours gotoanimate animation,Hourly,http://www.upwork.com/jobs/~014140aafd10598db8
127,31.07.17 01:18,wordpress plugin expert,Hourly,http://www.upwork.com/jobs/~0146e84c04f4b07dba
128,31.07.17 01:18,automated deployment scripts via wp cli,Hourly,http://www.upwork.com/jobs/~018ae793de1f60d262
129,31.07.17 01:18,need articles written related to house prices in the uk,$150,http://www.upwork.com/jobs/~015585a5da75233215
130,31.07.17 01:18,wordpress editor content curator,Hourly,http://www.upwork.com/jobs/~01781f6026b1e2b847
131,31.07.17 01:18,wordpress developer is required,Hourly,http://www.upwork.com/jobs/~01c2346eaccad8cf6f
132,31.07.17 01:18,need someone to setup wordpress website from existing templates,$45,http://www.upwork.com/jobs/~019088b9147e479b8c
133,31.07.17 01:18,looking for experienced coder to customise instagram feed wd wordpress plugin,$60,http://www.upwork.com/jobs/~017d52e7d5fa5bf5f2
134,31.07.17 01:18,advanced shipping plugin,$25,http://www.upwork.com/jobs/~01aa534e0707b2ca85
135,31.07.17 01:18,seo specialist,Hourly,http://www.upwork.com/jobs/~011abdf8fa45d06d73
136,31.07.17 01:18,i need a copy writer for an upcoming blog,Hourly,http://www.upwork.com/jobs/~01bf03d10a01bda8c4
137,31.07.17 01:18,web developing,$150,http://www.upwork.com/jobs/~0113969915bef3700d
138,31.07.17 01:18,replace header tags,$20,http://www.upwork.com/jobs/~01c19bd8666811f36e
139,31.07.17 01:18,i need an email marketer who is also skilled in wordpress and creating a content strategy,Hourly,http://www.upwork.com/jobs/~010231169c2e65893e
140,31.07.17 01:18,i am looking to hire a full time general virtual assistant,Hourly,http://www.upwork.com/jobs/~013941c7a7c9b4936e
141,31.07.17 01:18,word press expert needed for quick job,$160,http://www.upwork.com/jobs/~013cc0259965c9d20a
142,31.07.17 01:18,wordpress plugin integration and customization,Hourly,http://www.upwork.com/jobs/~011a4023bdf1ed0533
143,31.07.17 01:18,merge wordpress child theme back into parent theme,$50,http://www.upwork.com/jobs/~01e0a90a28857f6503
144,31.07.17 01:18,virtual assistant gesucht â€“ gerne mit marketing design know how,Hourly,http://www.upwork.com/jobs/~01ad83439b25727301
145,31.07.17 01:18,data mining data entry rockstar needed,Hourly,http://www.upwork.com/jobs/~01277ef4af4fbb9ddb
146,31.07.17 01:18,create a basic corporate website,$500,http://www.upwork.com/jobs/~0137164c5f4a3c892e
147,31.07.17 01:18,keyword research expert needed,Hourly,http://www.upwork.com/jobs/~017f72a69a67ce218b
148,31.07.17 01:18,create a wordpress custom theme,Hourly,http://www.upwork.com/jobs/~0168fba0c5cef77a7c
149,31.07.17 01:18,infusionsoft and wordpress expert with a high skill level,$100,http://www.upwork.com/jobs/~014420540bcb2adf57
150,31.07.17 01:18,crowd funding website and mobile app,$30000,http://www.upwork.com/jobs/~0178eac3f63877d1d1
151,31.07.17 01:18,ebooks website,$2000,http://www.upwork.com/jobs/~01d21e4dca67313bb9
152,31.07.17 01:18,web design and maintenance,Hourly,http://www.upwork.com/jobs/~01ae4ea994d2bf931c
153,31.07.17 01:18,stripe setup for subscription management,$100,http://www.upwork.com/jobs/~017c3a64953be456de
154,31.07.17 01:18,web developer required for drop shipping website,$200,http://www.upwork.com/jobs/~01e74b01271c6b48a9
155,31.07.17 01:18,good web developer and wordpress expert needed,$150,http://www.upwork.com/jobs/~018a07845f10bf2d23
156,31.07.17 01:18,hiring filipinos only website content writer social media prefer medical knowledge health interest,Hourly,http://www.upwork.com/jobs/~016dea412eea563de3
157,31.07.17 01:18,need a wordpress expert who can answer my problems right and clear,Hourly,http://www.upwork.com/jobs/~01207558c56dd42a10
158,31.07.17 01:18,basic blank wordpress website more small projects to follow this month,$12,http://www.upwork.com/jobs/~01cf3a281f9e22d9da
159,31.07.17 01:18,update theme and fix lighbox problem if not fixed with update,$25,http://www.upwork.com/jobs/~01419a91e565a38dd1
160,31.07.17 01:18,wordpress design,Hourly,http://www.upwork.com/jobs/~019cf71e6c89ebf45d
161,31.07.17 01:18,wordpress development lots of things but first is help to set up lms theme or plugin,Hourly,http://www.upwork.com/jobs/~01bb41867ac8570347
162,31.07.17 01:18,wordpress expert to install a template and demo content,Hourly,http://www.upwork.com/jobs/~01af3904663cf79fba
163,31.07.17 01:18,need a project partner business development manager,$275,http://www.upwork.com/jobs/~0108b4f4e88146fd9c
164,31.07.17 01:18,looking for a wordpress php expert,Hourly,http://www.upwork.com/jobs/~01dde2787c91d7d7f5
165,31.07.17 01:18,4 small tasks for wordpress site idealhoroscope com revised,$12,http://www.upwork.com/jobs/~018bfaed8bf56eb11e
166,31.07.17 01:18,mapbox custom data animation widget for wordpress,Hourly,http://www.upwork.com/jobs/~01d0773b36079b9d98
167,31.07.17 01:18,create a landing page in wordpress using the divi theme,Hourly,http://www.upwork.com/jobs/~016e0abe8d9bc012b7
168,31.07.17 01:18,web development team needed for web dashboard,$600,http://www.upwork.com/jobs/~017efa9f283a1a5520
169,31.07.17 01:18,virtual assistant,Hourly,http://www.upwork.com/jobs/~01a46e3543d0f4a6ed
170,31.07.17 01:18,works on mobile phones,$40,http://www.upwork.com/jobs/~016e6951b96a4fb06e
171,31.07.17 01:18,need a backbonejs and underscorejs experienced developer,$750,http://www.upwork.com/jobs/~01c9d2bf6af6cef2e8
172,31.07.17 01:18,mobile responsive wordpress developer,Hourly,http://www.upwork.com/jobs/~01890defb98a16dce2
173,31.07.17 01:18,dental clinic managament program for pc mac,$500,http://www.upwork.com/jobs/~01ebd867bea85f86d8
174,31.07.17 01:18,help me understand wordpress better,Hourly,http://www.upwork.com/jobs/~01d0ae6c5f14439de6
175,31.07.17 01:18,need a web designer to create a one page website design,$100,http://www.upwork.com/jobs/~015376a7b503018086
176,31.07.17 01:18,review website,Hourly,http://www.upwork.com/jobs/~0121ad05e44434b7d8
177,31.07.17 01:18,fix and edit basic websites,$20,http://www.upwork.com/jobs/~01c6396afed4279096
178,31.07.17 01:18,on site seo,Hourly,http://www.upwork.com/jobs/~011404830dc95c94d7
179,31.07.17 01:18,fix woocommerce issue all products disappeared from website,Hourly,http://www.upwork.com/jobs/~01723a10d33146e06c
180,31.07.17 01:18,form customization redirect rule,$27,http://www.upwork.com/jobs/~0178fddb4e91c6431d
181,31.07.17 01:18,change my site from visual composer to wp beaver builder,$250,http://www.upwork.com/jobs/~010b1f77f8fc614ab0
182,31.07.17 01:18,experienced web designer needed must be based in europe non negotiable,Hourly,http://www.upwork.com/jobs/~01941d64296e90f38b
183,31.07.17 01:18,mailchimp rss campaign,Hourly,http://www.upwork.com/jobs/~014f2c5258c6b9d0e9
184,31.07.17 01:18,need small code for a wordpress search results page for filtering results,$5,http://www.upwork.com/jobs/~01a3aea12cbd83d0cc
185,31.07.17 01:18,wordpress website posting and updating,Hourly,http://www.upwork.com/jobs/~01092007188a14ca8d
186,31.07.17 01:18,need a marketer to sell tons of wordpress websites,$1500,http://www.upwork.com/jobs/~01b2e52b9956eea477
187,31.07.17 01:18,travel magazine web development,$5,http://www.upwork.com/jobs/~01ca6f44179be7ac31
188,31.07.17 01:18,adsense expert needed for wordpress optimization,$50,http://www.upwork.com/jobs/~01474650f024f2e049
189,31.07.17 01:18,website development for a video creation company,$200,http://www.upwork.com/jobs/~01b8ee5ec5506d031b
190,31.07.17 01:18,cryptocurrency directory website,Hourly,http://www.upwork.com/jobs/~01b10fc224172ea70c
191,31.07.17 01:18,hype,Hourly,http://www.upwork.com/jobs/~014d4c9764ca4a04b2
192,31.07.17 01:18,looking for an experienced web developer for wordpress with optimized ui builder integration,$600,http://www.upwork.com/jobs/~0109ca9dc6e5943d10
193,31.07.17 01:18,redesign a couple websites,Hourly,http://www.upwork.com/jobs/~015f25389705c791c3
194,31.07.17 01:18,company website re design wordoress cms,$5,http://www.upwork.com/jobs/~01496fb603d004cc60
195,31.07.17 01:18,weekly posting to blog add photos maintain blog,Hourly,http://www.upwork.com/jobs/~017995d998fbb1045f
196,31.07.17 01:18,wordpress expert needed for set up of company website,$200,http://www.upwork.com/jobs/~01f433c7e7c213c8ec
197,31.07.17 01:18,optimize wordpress site,$50,http://www.upwork.com/jobs/~01fb3b06ae6f775c00
198,31.07.17 01:18,responsive web designer required,$160,http://www.upwork.com/jobs/~01a01052438f02c71c
199,31.07.17 01:18,modern logo design,$20,http://www.upwork.com/jobs/~011f9fa2f17c5b4ce8
200,31.07.17 01:18,configure secure optimize and document 2xlemp vpss for magento 1 x,Hourly,http://www.upwork.com/jobs/~01b6e1d1c212ce1ed1
201,31.07.17 01:18,contact form scraper and submitter,$400,http://www.upwork.com/jobs/~0172c78c2ae6c8a41e
202,31.07.17 01:18,custom wordpress development user business dashboard,Hourly,http://www.upwork.com/jobs/~01a7d4b623d309b432
203,31.07.17 01:18,migration to aws,Hourly,http://www.upwork.com/jobs/~0137a0f7698e50f6d8
204,31.07.17 01:18,need create wordpress function,$30,http://www.upwork.com/jobs/~019c73a9cb32ba6514
205,31.07.17 01:18,website code audit,$150,http://www.upwork.com/jobs/~01e4d2de117a871d63
206,31.07.17 01:18,need to upgrade current wordpress site,Hourly,http://www.upwork.com/jobs/~0166724a08cccefe88
207,31.07.17 01:18,we are in urgent requirement of a full time copywriter,$7800,http://www.upwork.com/jobs/~01075123a45eba1c33
208,31.07.17 01:18,help with wordpress site,Hourly,http://www.upwork.com/jobs/~012a8ac5ad0db12562
209,31.07.17 01:18,add action icon for existing custom woocommerce order status,$100,http://www.upwork.com/jobs/~01ffeb98437ecde50a
210,31.07.17 01:18,ongoing wordpress development,$200,http://www.upwork.com/jobs/~013583606b450cde11
211,31.07.17 01:18,professional fullstack ui ux front back end wordpress designer developer,Hourly,http://www.upwork.com/jobs/~018951b7d10fc50580
212,31.07.17 01:18,connect wordpress thriveleads theme to mailjet email list,$30,http://www.upwork.com/jobs/~0135d455612da8d538
213,31.07.17 01:18,enhance existing wordpress site,$70,http://www.upwork.com/jobs/~01a7a94ae6bc54f736
214,31.07.17 01:18,laravel web site,$5,http://www.upwork.com/jobs/~01860e142dffd3eace
215,31.07.17 01:18,writing a technical proposal response to a rfp,$200,http://www.upwork.com/jobs/~01c51ea552137e327e
216,31.07.17 01:18,wordpress wizard fix header to see ads properly,$10,http://www.upwork.com/jobs/~01a97b6203695f294c
217,31.07.17 01:18,wordpress developer,Hourly,http://www.upwork.com/jobs/~01707c021a4dca94bc
218,31.07.17 01:18,verifying database details flexible hours,Hourly,http://www.upwork.com/jobs/~01c06434cd3e908a48
219,31.07.17 01:18,fix wordpress website according google pagespeed insights especially images,$20,http://www.upwork.com/jobs/~011a0d5a6b1d5efedf
220,31.07.17 01:18,clickfunnels help,$100,http://www.upwork.com/jobs/~01e03a3af19e594e10
221,31.07.17 01:18,ecommerce website creator,$80,http://www.upwork.com/jobs/~01ca039016943b4972
222,31.07.17 01:18,insurance app with ocr angularjs form builder,$1000,http://www.upwork.com/jobs/~0185a645bc9830957e
223,31.07.17 01:18,ecommerce shopify,Hourly,http://www.upwork.com/jobs/~01b197ce39b8c278c2
224,31.07.17 01:18,web programming,$100,http://www.upwork.com/jobs/~01fc39c48209d5a2f0
225,31.07.17 01:18,finish off an existing site writing services website with tiered membership wordpress woocommerce and divi,Hourly,http://www.upwork.com/jobs/~01fe05ef87506f8c28
226,31.07.17 01:18,data entry copy paste some internet research simple data analysis,Hourly,http://www.upwork.com/jobs/~0171c70fee70ea53dc
227,31.07.17 01:18,woocommerce tweaks,Hourly,http://www.upwork.com/jobs/~01de5e825a4d64ceaf
228,31.07.17 01:18,wordpress yoast seo breadcrumb hack create a custom my account page with marketo api,$100,http://www.upwork.com/jobs/~0101a16449460e25ae
229,31.07.17 01:18,wordpress designer,$100,http://www.upwork.com/jobs/~01ced98ffe96cad5a1
230,31.07.17 01:18,wordpress website developer,Hourly,http://www.upwork.com/jobs/~0129f65025053a7033
231,31.07.17 01:18,wordpress theme development,$30,http://www.upwork.com/jobs/~01ec2c0159267c560e
232,31.07.17 01:18,wordpress site down need someone to fix asap,Hourly,http://www.upwork.com/jobs/~015d7f2302971490ee
233,31.07.17 01:18,woocommerce wordpress theme and plugins,Hourly,http://www.upwork.com/jobs/~01faf7bad3cc135408
234,31.07.17 01:18,need wordpress site available to be optimised for mobile phone view,$150,http://www.upwork.com/jobs/~0138096b1d5a12bd06
235,31.07.17 01:18,minor tweaks to wordpress theme,$12,http://www.upwork.com/jobs/~01c82bf60cce397e1e
236,31.07.17 01:18,virtual assistant,Hourly,http://www.upwork.com/jobs/~01d7b6bcffafae9e01
237,31.07.17 01:18,need a expert in wordpress and slide revolution,Hourly,http://www.upwork.com/jobs/~015c95d522f8d3a463
238,31.07.17 01:18,shopify website needs work,$20,http://www.upwork.com/jobs/~018643e4239ab87506
239,31.07.17 01:18,web developer with wordpress and plugin experience,$2500,http://www.upwork.com/jobs/~013668f454acf3d64a
240,31.07.17 01:18,wordpress website vertical scroll 3 page,$40,http://www.upwork.com/jobs/~01e102ac2431e755da
241,31.07.17 01:18,wp website need someone for regular small tasks,$100,http://www.upwork.com/jobs/~01d5b1a07b8f8fddb3
242,31.07.17 01:18,online boutique update,$250,http://www.upwork.com/jobs/~013029f7738e061095
243,31.07.17 01:18,set up wordpress registration form and database,$35,http://www.upwork.com/jobs/~019f639ac10a7dcd94
244,31.07.17 01:18,clean simple business services website wordpress style logo,$1000,http://www.upwork.com/jobs/~0190b6d95e3a71bcf9
245,31.07.17 01:18,website design and development word press,Hourly,http://www.upwork.com/jobs/~0120fd5fa9c78bb522
246,31.07.17 01:18,build woocommerce store,Hourly,http://www.upwork.com/jobs/~010679ef91bba3dd06
247,31.07.17 01:18,php script modification work,Hourly,http://www.upwork.com/jobs/~016e3fcddd1b59e50c
248,31.07.17 01:18,wordpress developer with woocommerce experiance,$150,http://www.upwork.com/jobs/~01040286cd75fb256f
249,31.07.17 01:18,seo wordpress plugin development yoast,$250,http://www.upwork.com/jobs/~01deb27cf348f66394
250,31.07.17 01:18,i need to create website,Hourly,http://www.upwork.com/jobs/~01aecc076a0a7773c2
251,31.07.17 01:18,little javascript to display the date of the day with a little trick,$20,http://www.upwork.com/jobs/~01c24eb1f5b55d6028
252,31.07.17 01:18,integrate two web applications,Hourly,http://www.upwork.com/jobs/~01b1cbb079bd2c71d2
253,31.07.17 01:18,need woocommerce email edited,$10,http://www.upwork.com/jobs/~01d9113d62746799e3
254,31.07.17 01:18,looking for a prestashop developer site editor,Hourly,http://www.upwork.com/jobs/~0186fe094c5b903572
255,31.07.17 01:18,small wordpress job,Hourly,http://www.upwork.com/jobs/~0107f04678775f3e13
256,31.07.17 01:18,wordpress developer needed for mobile tidy up,$50,http://www.upwork.com/jobs/~01a3211bdafe28d6b8
257,31.07.17 01:18,divi wordpress expert with eye for branding needed,$475,http://www.upwork.com/jobs/~014670dce59cf7f3a6
258,31.07.17 01:18,problem with the payment button not showing on my wordpress theme,$10,http://www.upwork.com/jobs/~01ff6b84437587355b
259,31.07.17 01:18,need copywriter for drones reviews website,$15,http://www.upwork.com/jobs/~01dc6415e35b8c61de
260,31.07.17 01:19,virtual assistant needed for travel blog,Hourly,http://www.upwork.com/jobs/~019272fcb433a8ceec
261,31.07.17 01:19,shopify developer needed,$200,http://www.upwork.com/jobs/~012db71a833b17a43b
262,31.07.17 01:19,need a report written on how to upload and seo optimize a video commercial on wordpress website and major social media sites,$100,http://www.upwork.com/jobs/~0178099107dc08857e
263,31.07.17 01:19,visual composer module needed,$50,http://www.upwork.com/jobs/~013b5d60c3e260af8d
264,31.07.17 01:19,simple website in wordpress,$150,http://www.upwork.com/jobs/~0183e5a525df1edb97
265,31.07.17 01:19,superstar writer wanted for online publishing company,Hourly,http://www.upwork.com/jobs/~01e37d709654a29038
266,31.07.17 01:19,wordpress website with custom,$40,http://www.upwork.com/jobs/~01281ddfcd4b48c277
267,31.07.17 01:19,create a template for a blog wordpress,$50,http://www.upwork.com/jobs/~013c7a7667f41c530d
268,31.07.17 01:19,magento 1 and magento 2 developer,Hourly,http://www.upwork.com/jobs/~0164a00659f27a64ea
269,31.07.17 01:19,wordpress html 5 css3 and jquery front end developer,$200,http://www.upwork.com/jobs/~016f56f2b8ec30a3a7
270,31.07.17 01:19,web design alterations,$60,http://www.upwork.com/jobs/~01e85f318fbd4fb41e
271,31.07.17 01:19,looking for a virtual assistant to create various web 2 0 properties,$10,http://www.upwork.com/jobs/~01ba3958a708289f63
272,31.07.17 01:19,ecommerce website scrape,$200,http://www.upwork.com/jobs/~01af2a9acc2d1f3b2a
273,31.07.17 01:19,wordpress,$150,http://www.upwork.com/jobs/~012cd7796ae1e67913
274,31.07.17 01:19,need real estate website mobile responsive,$100,http://www.upwork.com/jobs/~01097252422a4ebe09
275,31.07.17 01:19,amazon fba niche wordpress web site development zeno theme,$250,http://www.upwork.com/jobs/~01fb34f4eae663b0a7
276,31.07.17 01:19,professional photography site built with kinetika theme in wordpress needs optimization,$200,http://www.upwork.com/jobs/~01293851d7c7f9b026
277,31.07.17 01:19,need help setting up a one page wordpress site,$20,http://www.upwork.com/jobs/~016bca68f4dd8b8b9b
278,31.07.17 01:19,mapify expert needed,Hourly,http://www.upwork.com/jobs/~01878c3a2bb3f23ffa
279,31.07.17 01:19,woocommerce help needed customizing fields on checkout for different products,Hourly,http://www.upwork.com/jobs/~018d254bd13bf7c08e
280,31.07.17 01:19,im looking to make a social media online store selling likes and views on various media like youtube instagram and facebook etc,Hourly,http://www.upwork.com/jobs/~01150c4f8e623886f2
281,31.07.17 01:19,finish and integrate deck editor,$500,http://www.upwork.com/jobs/~01519ed719a5cfe084
282,31.07.17 01:19,wordpress website,Hourly,http://www.upwork.com/jobs/~01fe7bb3e236a7ba92
283,31.07.17 01:19,wordpress frontend backend developer 1 2 month project,$1200,http://www.upwork.com/jobs/~01e76bf36af7d2ee63
284,31.07.17 01:19,virtual assistant,$40,http://www.upwork.com/jobs/~0124c7dff1ef5e45dc
285,31.07.17 01:19,change wp plugin,$10,http://www.upwork.com/jobs/~0104203f8c46932c44
286,31.07.17 01:19,run pay per click expert immediately ppc rep,Hourly,http://www.upwork.com/jobs/~012a6469f4bb91711d
287,31.07.17 01:19,virtual assistant with ecommerce shopify experience,$300,http://www.upwork.com/jobs/~0178f38a72081ecf0a
288,31.07.17 01:19,update internal non http urls with https,$30,http://www.upwork.com/jobs/~01f8a726f1b4063849
289,31.07.17 01:19,sql database with web front end and restful apis,Hourly,http://www.upwork.com/jobs/~01bef25aff77af7d7b
290,31.07.17 01:19,outbound sales csr job,12 Hours A Week + $30 Commission,http://www.upwork.com/jobs/~01aefdac6bfd18c580
291,31.07.17 01:19,wordpress blog theme change expert only,$30,http://www.upwork.com/jobs/~017ec09478590ffbfb
292,31.07.17 01:19,ongoing article writing and ebook writer design,Hourly,http://www.upwork.com/jobs/~01dc911eed6e857ae7
293,31.07.17 01:19,expert website architecture planning consultant,Hourly,http://www.upwork.com/jobs/~01fcb1af79f0996661
294,31.07.17 01:19,multi level membership management website of research organization,$30,http://www.upwork.com/jobs/~017758aca4b75b4b3d
295,31.07.17 01:19,wordpress site needs to filter search results with ajax,$15,http://www.upwork.com/jobs/~016de8c044bf5673bf
296,31.07.17 01:19,set up facebook custom conversions using on click events,$50,http://www.upwork.com/jobs/~01c35f7183ff0e8740
297,31.07.17 01:19,i need someone to bring client to my web developing business,$100,http://www.upwork.com/jobs/~012574e16f34eb9ee5
298,31.07.17 01:19,2 wordpress themes related articles hiring now,$5,http://www.upwork.com/jobs/~010cd5544a210c1923
299,31.07.17 01:19,wordpress website with multilevel member login feature,Hourly,http://www.upwork.com/jobs/~01580d8262815810c3
300,31.07.17 01:19,restore joomla site from plesk backup in cpanel and migrate to new wordpress,$30,http://www.upwork.com/jobs/~01e82691390c0767be
301,31.07.17 01:19,nous recherchons un freelancer wordpress,Hourly,http://www.upwork.com/jobs/~017b96735aa08b0c9f
302,31.07.17 01:19,personal injury blog writers,$40,http://www.upwork.com/jobs/~011b44a511f7f629f9
303,31.07.17 01:19,administrative assistance project oversight customer support,Hourly,http://www.upwork.com/jobs/~012f1e440e8f477fc7
304,31.07.17 01:19,data collection,Hourly,http://www.upwork.com/jobs/~0185ce5e788e878b43
305,31.07.17 01:19,word press developer,$10,http://www.upwork.com/jobs/~015714859e11d3e2e6
306,31.07.17 01:19,keyword planning help,$100,http://www.upwork.com/jobs/~01e0e29f2d3248e6af
307,31.07.17 01:19,reworking on the half designed website,$75,http://www.upwork.com/jobs/~01b9d9f8e7817e7b07
308,31.07.17 01:19,sales page designer,Hourly,http://www.upwork.com/jobs/~01e995b25efb646309
309,31.07.17 01:19,online savvy virtual assistant with technical experience needed for online styling business today,Hourly,http://www.upwork.com/jobs/~013db1466e46e9f5ad
310,31.07.17 01:19,web programming,$100,http://www.upwork.com/jobs/~01ea30b1cf1271ea45
311,31.07.17 01:19,need to create a squarespace website,$125,http://www.upwork.com/jobs/~01fbb3b452c4b0e0e7
312,31.07.17 01:19,looking for website to be built,Hourly,http://www.upwork.com/jobs/~01c222af5d6b4dfa2a
313,31.07.17 01:19,wordpress developer designer needed for small edits,Hourly,http://www.upwork.com/jobs/~01d89971850b18aa03
314,31.07.17 01:19,i need my website to look pretty wordpress divi,$200,http://www.upwork.com/jobs/~018eb93b25f5e771d7
315,31.07.17 01:19,i need some that can help me with my facebook and instagram accounts,Hourly,http://www.upwork.com/jobs/~0163bddfdad3c83f10
316,31.07.17 01:19,wordpress theme implementation,$160,http://www.upwork.com/jobs/~012e39a488e2f6e5e5
317,31.07.17 01:19,website design for a price comparison website ui ux only,$1000,http://www.upwork.com/jobs/~01bb4befc9605b1ee8
318,31.07.17 01:19,psd to html > responsive web template,$5,http://www.upwork.com/jobs/~014da422f6e1a9f62b
319,31.07.17 01:19,need a redesign of my existing site,Hourly,http://www.upwork.com/jobs/~01c8fde512a5e9d13a
320,31.07.17 01:19,website logo,$1000,http://www.upwork.com/jobs/~01035b697f2d14220c
321,31.07.17 01:19,need expert wordpress developer with backend server side skills,Hourly,http://www.upwork.com/jobs/~012d44b0f5c29e6464
322,31.07.17 01:19,blog manager,$100,http://www.upwork.com/jobs/~014a426c7ad6445e19
323,31.07.17 01:19,javascript jquery to override bootstrap ui library,Hourly,http://www.upwork.com/jobs/~01ab537e7ab194f731
324,31.07.17 01:19,new site design and development,$2000,http://www.upwork.com/jobs/~012d8fb386be0eec81
325,31.07.17 01:19,joomla design expert on going design and development to my existing joomla website,Hourly,http://www.upwork.com/jobs/~01883ea9ff8b7c7868
326,31.07.17 01:19,need help with ssl certificate and domain transfer,Hourly,http://www.upwork.com/jobs/~014df973587b2f199f
327,31.07.17 01:19,a shopify and twilio plivo sms api expert,$6,http://www.upwork.com/jobs/~01e35ac5031c106a8f
328,31.07.17 01:19,create 5 10 quality backlinks for real estate website,$15,http://www.upwork.com/jobs/~0132c9553d60b4ffef
329,31.07.17 01:19,e commerce website for accesories modern simple,Hourly,http://www.upwork.com/jobs/~018c8eb343fce0bc10
330,31.07.17 01:19,need weekly support for updating information on my website and other various tasks,$30,http://www.upwork.com/jobs/~01f24938d735dc20a0
331,31.07.17 01:19,looking for creating database for product in excel spreadsheet,$250,http://www.upwork.com/jobs/~0125d35968dc564df9
332,31.07.17 01:19,article writing,Hourly,http://www.upwork.com/jobs/~01a8d6ca8d44e21554
333,31.07.17 01:19,website for startup company,Hourly,http://www.upwork.com/jobs/~014a8b5f8c0304b983
334,31.07.17 01:19,add product variations to woocommerce website,Hourly,http://www.upwork.com/jobs/~0150c9af585da1588c
335,31.07.17 01:19,create and design website logo,Hourly,http://www.upwork.com/jobs/~01575720beae59db47
336,31.07.17 01:19,wordpress assistance needed,$100,http://www.upwork.com/jobs/~015c5099eb576d14b4
337,31.07.17 01:19,troubleshoot and fix form issue,$50,http://www.upwork.com/jobs/~011c43554be64f5077
338,31.07.17 01:19,extend existing wordpress plugin for embedded youtube videos,$30,http://www.upwork.com/jobs/~01347b96275485f299
339,31.07.17 01:19,i need one react js developer,Hourly,http://www.upwork.com/jobs/~01e736b31115321e37
340,31.07.17 01:19,one and later possibly three square space sites with added cart on each,$100,http://www.upwork.com/jobs/~01a857e65d276d71d4
341,31.07.17 01:19,mockup wireframe for cloud software,$100,http://www.upwork.com/jobs/~01f35403200b45c480
342,31.07.17 01:19,google analytics problems,$90,http://www.upwork.com/jobs/~018f7436eee811cfa2
343,31.07.17 01:19,i need a 4 page website,$150,http://www.upwork.com/jobs/~016351855bff91ef6f
344,31.07.17 01:19,wordpress template and graphic design interactive informational and product review template,$100,http://www.upwork.com/jobs/~013a8b090f393ecc19
345,31.07.17 01:19,looking for web designer specifically,Hourly,http://www.upwork.com/jobs/~01627e8716f37940e5
346,31.07.17 01:19,i have traffic to my website but am not getting conversions sales,Hourly,http://www.upwork.com/jobs/~0161f60e00a4dad305
347,31.07.17 01:19,wordpress website,$200,http://www.upwork.com/jobs/~01be5b2d5290f3fc14
348,31.07.17 01:19,simple wordpress site seo for target keyword,$100,http://www.upwork.com/jobs/~0103a6320c4f8a0160
349,31.07.17 01:19,wordpress site design and development,Hourly,http://www.upwork.com/jobs/~015b3265f0d3a9aae4
350,31.07.17 01:19,i need a web developer that can help with our current site that s on drupal,Hourly,http://www.upwork.com/jobs/~01695b8633a31b1d1b
351,31.07.17 01:19,ongoing work for wordpress and woocommerce developer,$500,http://www.upwork.com/jobs/~01101b4a0acdd5dbad
352,31.07.17 01:19,help with opt in integration,$10,http://www.upwork.com/jobs/~01a7b3b9c3d97bffad
353,31.07.17 01:19,company website updates,Hourly,http://www.upwork.com/jobs/~018358500c89ea3721
354,31.07.17 01:19,need admin support web research email collection fast deadline,Hourly,http://www.upwork.com/jobs/~0182208c3434cbf0ea
355,31.07.17 01:19,need plr articles rewritten quickly no spinning,$50,http://www.upwork.com/jobs/~01960571b8e0044b63
356,31.07.17 01:19,seo specialist,Hourly,http://www.upwork.com/jobs/~01d827cafdb7e993b8
357,31.07.17 01:19,iot platform development location lahore pakistan,$400,http://www.upwork.com/jobs/~0132695a0f3a1abafc
358,31.07.17 01:19,need help for ecommerce development,Hourly,http://www.upwork.com/jobs/~010d0f2a09713c3df4
359,31.07.17 01:19,help set up configure slightly complicated wordpress website using cornerstone,Hourly,http://www.upwork.com/jobs/~0170836f9c555e417c
360,31.07.17 01:19,service business contractor website builder ac locksmith wordpress,Hourly,http://www.upwork.com/jobs/~015177dff2fe5c6b69
361,31.07.17 01:19,optimize wordpress website,$100,http://www.upwork.com/jobs/~013946a9f2f9d3920c
362,31.07.17 01:27,expert website developer needed,$75,http://www.upwork.com/jobs/~016958953c6c629c4f
363,31.07.17 01:27,enable bulk edit and quick edit for wordpress users,$35,http://www.upwork.com/jobs/~018050c2df8408d343
364,31.07.17 02:17,e commerce it guru,$20000,http://www.upwork.com/jobs/~012c3accf69c12f2dc
365,31.07.17 02:27,need help removing potential malware from wordpress site woocommerce alidropship,Hourly,http://www.upwork.com/jobs/~01748352ce1cb8ce17
366,31.07.17 02:27,install wordpress theme setup hosting,Hourly,http://www.upwork.com/jobs/~01a7027529f83fe56a
367,31.07.17 02:27,redesign my company s main website,Hourly,http://www.upwork.com/jobs/~01a56bad4d397fecce
368,31.07.17 02:27,website design with online course,$500,http://www.upwork.com/jobs/~01051dfd76b9a38261
369,31.07.17 02:27,install wordpress with woocommerce wc vendors pro for digital products,$100,http://www.upwork.com/jobs/~010618fea2f2a0939a
370,31.07.17 02:27,shopify developer for website,$65,http://www.upwork.com/jobs/~0103f316f70548ff08
371,31.07.17 02:27,wordpress expert,$5,http://www.upwork.com/jobs/~01937fd2033ce87b59
372,31.07.17 02:27,shopify design,$200,http://www.upwork.com/jobs/~0151c5645618989e01
373,31.07.17 02:27,looking to create a word press website,$200,http://www.upwork.com/jobs/~014ff448bab7d51ff7
374,31.07.17 02:27,experienced executive admin va needed daily reporting social media wordpress posting and photo maintenance,Hourly,http://www.upwork.com/jobs/~0193e29c768317bfd7
375,31.07.17 02:27,divi template require some finishes web content input,$50,http://www.upwork.com/jobs/~0180a4c7a126340b92
376,31.07.17 02:27,finish and fix wordpress website,Hourly,http://www.upwork.com/jobs/~01edd188708881dac7
377,31.07.17 02:27,wordpress construction website,$38000,http://www.upwork.com/jobs/~01398e0e5163e34d6d
378,31.07.17 02:27,build a website to fit my buisness,Hourly,http://www.upwork.com/jobs/~01425fefd75f593cb0
379,31.07.17 03:13,health medical researcher for a busy entrepreneur with health issues,Hourly,http://www.upwork.com/jobs/~0183eb68c449e62cfe
380,31.07.17 03:13,keystone js developers full stack who are the fastest coders on upwork,Hourly,http://www.upwork.com/jobs/~012cb1a96692032a1b
381,31.07.17 03:28,need help handling customer service for an online app that allows for private journaling,Hourly,http://www.upwork.com/jobs/~019b55f1bd3533a737
382,31.07.17 03:28,virtual assistant technical,Hourly,http://www.upwork.com/jobs/~01debd660d79f135ce
383,31.07.17 03:28,quick re coding of site,$20,http://www.upwork.com/jobs/~01db7f6e2b26aede77
384,31.07.17 03:28,join our team of freelancers for regular work building new wordpress websites,Hourly,http://www.upwork.com/jobs/~01179624952764ec00
385,31.07.17 03:28,aws pem rekey wp database error,$50,http://www.upwork.com/jobs/~01266c98e03f036c7d
386,31.07.17 03:28,donut website design,$300,http://www.upwork.com/jobs/~01d428440894398600
387,31.07.17 03:28,wordpress wizard manila area starts asap,Hourly,http://www.upwork.com/jobs/~018c347cf89a7564cc
388,31.07.17 03:28,build a profitable online store,Hourly,http://www.upwork.com/jobs/~0100e868f7da078863
389,31.07.17 03:28,wordpress webpage,$500,http://www.upwork.com/jobs/~01bd370c49612abb57
390,31.07.17 03:28,website restructuring project consultant,Hourly,http://www.upwork.com/jobs/~01b2d096ea9d13895a
391,31.07.17 03:28,web and mobile app development,$1000,http://www.upwork.com/jobs/~013cc987da04609316
392,31.07.17 03:28,duplicate pages of my existing wordpress site,$100,http://www.upwork.com/jobs/~01dc5300a2244feee4
393,31.07.17 04:23,wordpress site fixing,Hourly,http://www.upwork.com/jobs/~01b258900679ee2471
394,31.07.17 04:23,seo for large product catalogue,Hourly,http://www.upwork.com/jobs/~0138906640dc7a3ca9
395,31.07.17 04:23,woocommerce custom quotes to order system job sheet creation,Hourly,http://www.upwork.com/jobs/~01784c54b1488f4453
396,31.07.17 04:23,clickfunnels cleanup and wp,$100,http://www.upwork.com/jobs/~01a762931d6de71a29
397,31.07.17 04:23,fix wordpress mobile issues and install plug in,$40,http://www.upwork.com/jobs/~013b173ceddd7f8263
398,31.07.17 04:23,web developer for interactive data tables html js css,$100,http://www.upwork.com/jobs/~018f38f376f5ffceaa
399,31.07.17 04:23,wordpress e commerce developer,Hourly,http://www.upwork.com/jobs/~016aec3e7b236ba60d
400,31.07.17 04:23,in need of a dynamic website makeover,$1000,http://www.upwork.com/jobs/~0127b9d9b6af43d0bc
401,31.07.17 04:23,bin google ad campaign,Hourly,http://www.upwork.com/jobs/~016677c78c9f4c6a15
402,31.07.17 04:23,integration of game hosting software to wordpress template,$1000,http://www.upwork.com/jobs/~0104c9b3d44f2e048e
403,31.07.17 04:23,seo specialist full time remote position,Hourly,http://www.upwork.com/jobs/~0152b7828db3fdc227
404,31.07.17 04:23,wordpress and woocommerce web site,Hourly,http://www.upwork.com/jobs/~0196deafd401bc031e
405,31.07.17 04:23,sem ppc specialist,Hourly,http://www.upwork.com/jobs/~0137681ed308bea98a
406,31.07.17 04:23,expert required for frontend development html saas bootstrap git,Hourly,http://www.upwork.com/jobs/~0125f1c38c856f996f
407,31.07.17 04:23,seeking editing and migration assitance,Hourly,http://www.upwork.com/jobs/~010659dd087cb42468
408,31.07.17 04:23,website mysql php connectivity and maintenance,$600,http://www.upwork.com/jobs/~0152631f97bae97f88
409,31.07.17 04:23,need website for new business startup built upon wordpress theme,$100,http://www.upwork.com/jobs/~01075f6e14e5821681
410,31.07.17 05:13,fun creative customer service rep with an eye for digital design and basic html photoshop skills,Hourly,http://www.upwork.com/jobs/~015e51a0a5dfc53228
411,31.07.17 05:23,i need a wordpress theme developer for data merge and custom theme edits,$500,http://www.upwork.com/jobs/~01690f0e7ab305cfcc
412,31.07.17 05:23,wordpress content writing,Hourly,http://www.upwork.com/jobs/~013b1364f2bbc52279
413,31.07.17 05:23,wordpress login not working can you help,$50,http://www.upwork.com/jobs/~01ff971ae4a984e5a3
414,31.07.17 05:23,need a simple wordpress website created,$250,http://www.upwork.com/jobs/~01e3def6b532953ac9
415,31.07.17 05:23,need wordpress developer to customize a website,$5,http://www.upwork.com/jobs/~0151ab355983508dcd
416,31.07.17 05:23,customised mailchimp opt in on wordpress,$50,http://www.upwork.com/jobs/~01bc235596f7e1fa83
417,31.07.17 05:23,remote logo designer,Hourly,http://www.upwork.com/jobs/~0104ae0270758471f5
418,31.07.17 05:23,bootstrap site converted to wordpress site,$150,http://www.upwork.com/jobs/~01b8bcfc188a3a9d75
419,31.07.17 05:23,need a wordpress expert for custom wordpress work,$50,http://www.upwork.com/jobs/~01872080552357454b
420,31.07.17 06:08,expert uat testing qa,Hourly,http://www.upwork.com/jobs/~0126cef35fa4aacfd5
421,31.07.17 06:08,customer service jewelry consultant and order management 2,Hourly,http://www.upwork.com/jobs/~01b235671fe0dee784
422,31.07.17 06:23,setup of woocommerce shopfront,$50,http://www.upwork.com/jobs/~015870d17ed000cfe1
423,31.07.17 06:23,full time wordpress administration assistant,Hourly,http://www.upwork.com/jobs/~01e766f376eb6bddc2
424,31.07.17 06:23,web development and design,$3000,http://www.upwork.com/jobs/~01b5e978b98f0e51b2
425,31.07.17 06:23,wordpress developer add messaging system to my job portal and make changes to payment structure,Hourly,http://www.upwork.com/jobs/~01e6d3b58c58a26d76
426,31.07.17 06:23,ordering system,Hourly,http://www.upwork.com/jobs/~016b6c86ca6e576fb7
427,31.07.17 06:23,newsletter system own branding,$400,http://www.upwork.com/jobs/~0198ddc31c406e2fdc
428,31.07.17 07:08,create brand new website including payment gateway,$450,http://www.upwork.com/jobs/~01690e99e99096bd00
429,31.07.17 07:08,wordpress website speed optimize and minimize redirects,$30,http://www.upwork.com/jobs/~01df0c43f4e66a0a98
430,31.07.17 07:08,caller and appointment setter,$100,http://www.upwork.com/jobs/~011b0418119ad7e8ff
431,31.07.17 07:08,migrate managed wordpress blog to cpanel,Hourly,http://www.upwork.com/jobs/~01c99322e389db592f
432,31.07.17 07:08,keystone js developers full stack who are the fastest coders on upwork,Hourly,http://www.upwork.com/jobs/~010c0feb0ef1522091
433,31.07.17 07:23,wordpress theme customization,$100,http://www.upwork.com/jobs/~01f794b475db16d5bf
434,31.07.17 07:23,this job is for a organised person to help with a variety of web research and data entry tasks,Hourly,http://www.upwork.com/jobs/~018c28ff813ed73988
435,31.07.17 07:23,need a high quality seo service for a website,$5,http://www.upwork.com/jobs/~01933f2c992bebd474
436,31.07.17 07:23,using easy digital download,$25,http://www.upwork.com/jobs/~01949ef609953ea9e3
437,31.07.17 07:23,looking for someone to help build me a cellphone buyback site,$200,http://www.upwork.com/jobs/~018f2d83a88b712f84
438,31.07.17 07:23,design and create a new website for non profit and company,Hourly,http://www.upwork.com/jobs/~01181b34ab9a5ac8f0
439,31.07.17 07:23,wordpress design needed on a couple pages,Hourly,http://www.upwork.com/jobs/~01991738584e3c966b
440,31.07.17 07:23,need help with seo on two websites,Hourly,http://www.upwork.com/jobs/~0135b7cb834829e0e7
441,31.07.17 08:23,chinese wordpress content placement,Hourly,http://www.upwork.com/jobs/~0172beaeb3788d8e3e
442,31.07.17 08:23,ebay api database application,Hourly,http://www.upwork.com/jobs/~01997f374982b98d18
443,31.07.17 08:23,woo commerce cart refresh,$100,http://www.upwork.com/jobs/~0190655c91b02c3d34
444,31.07.17 08:23,develop complete dating site on wordpress,Hourly,http://www.upwork.com/jobs/~01994e05acd285d32b
445,31.07.17 08:23,landing pages google adwords ppc,$200,http://www.upwork.com/jobs/~0130d5a316fd89456a
446,31.07.17 08:23,seo assistant,Hourly,http://www.upwork.com/jobs/~01c4901e8d447d14a1
447,31.07.17 08:23,ui ux designer required to create a webpage,Hourly,http://www.upwork.com/jobs/~018ee19584ad1059eb
448,31.07.17 08:23,wordpress troubleshooting and maintence,Hourly,http://www.upwork.com/jobs/~01081629c6e85c5f3b
449,31.07.17 08:23,wordpress and woocommerce developer required for customization,$100,http://www.upwork.com/jobs/~0111b0a1bb9b3ad14d
450,31.07.17 08:23,need help doing product catalogue that can easily be updated,$60,http://www.upwork.com/jobs/~01b50bc3d158be4aa5
451,31.07.17 08:23,web site design and development,Hourly,http://www.upwork.com/jobs/~01a6415b4f2be1bab0
452,31.07.17 08:23,need wordpress and woocommerce expert,Hourly,http://www.upwork.com/jobs/~011576fb739edd3df1
453,31.07.17 08:23,slider revolution expert needed to fix and finish the site,$200,http://www.upwork.com/jobs/~01f336e098fd4e7e45
454,31.07.17 08:23,seo enhancement,$150,http://www.upwork.com/jobs/~01535e721193cad940
455,31.07.17 08:23,web designer needed for vc backed startup,Hourly,http://www.upwork.com/jobs/~01831e203b17b3cb2f
456,31.07.17 08:23,admin with wordpress and mailchimp experience needed,Hourly,http://www.upwork.com/jobs/~01de88f22d10107090
457,31.07.17 08:23,ui ux designer for listing website,Hourly,http://www.upwork.com/jobs/~018e8eb21e961a3373
458,31.07.17 08:23,backend developer for wordpress ongoing job working with existing team,Hourly,http://www.upwork.com/jobs/~01d8b41b8f34e24036
459,31.07.17 08:23,setting up a shopify store,Hourly,http://www.upwork.com/jobs/~0130af71306c183bd9
460,31.07.17 08:23,wordpress based membership management website with admin dashboard,$500,http://www.upwork.com/jobs/~01588d3c3f2a15acf5
461,31.07.17 09:08,php mysql web application developer,$1000,http://www.upwork.com/jobs/~01d42a51217778f786
462,31.07.17 09:08,develop a responsive website,Hourly,http://www.upwork.com/jobs/~0142fecda67052ccaf
463,31.07.17 09:18,web developer needed,Hourly,http://www.upwork.com/jobs/~015da864d51eba7dac
464,31.07.17 09:18,wordpress php css developer,$100,http://www.upwork.com/jobs/~013eef56bfcec24ddd
465,31.07.17 09:18,ongoing help managing my wordpress website and facebook,Hourly,http://www.upwork.com/jobs/~0160589c0f8594dc39
466,31.07.17 09:18,website design,Hourly,http://www.upwork.com/jobs/~01095a49662b743d77
467,31.07.17 10:18,seo social media marketing strategiest,Hourly,http://www.upwork.com/jobs/~01793bf5ccf953bba7
468,31.07.17 10:18,crm api integration,Hourly,http://www.upwork.com/jobs/~01157f090dae7e0164
469,31.07.17 10:18,seo for website,Hourly,http://www.upwork.com/jobs/~01580062537a513ab6
470,31.07.17 10:18,onesignal android app app intent deep linking,$50,http://www.upwork.com/jobs/~01f009c018ecf21656
471,31.07.17 10:18,wordpress developer,Hourly,http://www.upwork.com/jobs/~01182bc177a5a887ef
472,31.07.17 10:18,wordpress site speed issues,$75,http://www.upwork.com/jobs/~01d4d399977675e307
473,31.07.17 10:18,configuring wordpress template,Hourly,http://www.upwork.com/jobs/~0141b3fe855676edac
474,31.07.17 10:18,we need help with maintaining our website and implementing changes to support our marketing requirments,Hourly,http://www.upwork.com/jobs/~01e4ac5e91e7c4ad15
475,31.07.17 10:18,revamp wix website,Hourly,http://www.upwork.com/jobs/~0196bf4701f4bdb8fa
476,31.07.17 10:18,website update wordpress,Hourly,http://www.upwork.com/jobs/~0113ae053bec9d4b1e
477,31.07.17 10:18,need help with website seo,$76,http://www.upwork.com/jobs/~011093184f40ab6b82
478,31.07.17 10:18,basic styling of wordpress page,$80,http://www.upwork.com/jobs/~01c9ad589d14a0b013
479,31.07.17 10:18,php portal,$3000,http://www.upwork.com/jobs/~016f61d00c1fea9aa4
480,31.07.17 10:18,re design of website,$50,http://www.upwork.com/jobs/~01f3ba010f7bb52d4a
481,31.07.17 10:18,wordpress developer for fixing error log files and core dump files,$20,http://www.upwork.com/jobs/~011327d46a6c647922
482,31.07.17 10:18,fix header footer layout on wordpress avada,$60,http://www.upwork.com/jobs/~01d484cfdb3dc5c64f
483,31.07.17 10:18,build website,Hourly,http://www.upwork.com/jobs/~01e847b0d8d9890266
484,31.07.17 10:18,need wordpress plugin modified,$20,http://www.upwork.com/jobs/~01f7130d2c34fb5e2d
485,31.07.17 11:08,need people who live in united states to place test orders,Hourly,http://www.upwork.com/jobs/~017d689278599adc55
486,31.07.17 11:18,web site translation from english to arabic,$160,http://www.upwork.com/jobs/~017940589338fb9359
487,31.07.17 11:18,wp all import setup for wordpress site using divi,Hourly,http://www.upwork.com/jobs/~019d448c9efb412a31
488,31.07.17 11:18,i need a person to provide me with a attractive web site to sell my skin care cosmetics,Hourly,http://www.upwork.com/jobs/~01da4e0bcb98e4291b
489,31.07.17 11:18,i need a wordpress designer to update content on our site,Hourly,http://www.upwork.com/jobs/~01f3f1333dc5dc93b8
490,31.07.17 11:18,need to add a conditional logic to the field,$20,http://www.upwork.com/jobs/~010cfc188ffb144ac8
491,31.07.17 11:18,mars services website,$2000,http://www.upwork.com/jobs/~014ee0d29885656366
492,31.07.17 11:18,site migration to wp seo preservation and optimisation,Hourly,http://www.upwork.com/jobs/~014811d7e4085ba252
493,31.07.17 11:18,research on crm software for online subscription based newspaper compatible with wordpress,Hourly,http://www.upwork.com/jobs/~01361b1427cf0eec64
494,31.07.17 11:18,looking for wp all import expert,$500,http://www.upwork.com/jobs/~0149f9029ef79859c7
495,31.07.17 11:18,google adwords wordpress team player part time progressing to full time for right persons,Hourly,http://www.upwork.com/jobs/~01796e921834346770
496,31.07.17 11:18,modify wordpress code,$12,http://www.upwork.com/jobs/~012d2e870e8a181f33
497,31.07.17 11:18,migration from blogger to wordpress,$30,http://www.upwork.com/jobs/~01fa5571803bcff71e
498,31.07.17 11:18,crm management quote estimation and sales proposal creation,Hourly,http://www.upwork.com/jobs/~0175fb00ca443bd98c
499,31.07.17 11:18,wordpress developer updating existing website and speeding up performance,Hourly,http://www.upwork.com/jobs/~0130d493cb1c7a8fda
500,31.07.17 11:18,seo link building,Hourly,http://www.upwork.com/jobs/~01d37b0d95e87195b5
501,31.07.17 11:18,write custom javascript to integrate drip marketing automation software with wordpress,Hourly,http://www.upwork.com/jobs/~01b9c38f5db31e459a
502,31.07.17 11:18,cannot change robots txt my site is searchers blocked,$50,http://www.upwork.com/jobs/~01119ed4c5486c0ca6
503,31.07.17 11:18,wordpress some changes needed to our existing site,$100,http://www.upwork.com/jobs/~0111157ad98473b420
504,31.07.17 12:03,i need a website developer to make existing website responsive for mobile and ipad,Hourly,http://www.upwork.com/jobs/~012412ace48ac28e64
505,31.07.17 12:03,wordpress development with strong js css and wp for fast moving agency style projects,Hourly,http://www.upwork.com/jobs/~01337f9cc09146ad30
506,31.07.17 12:03,[fast easy money ] copy an already created website,$40,http://www.upwork.com/jobs/~01cba2f4825c49581f
507,31.07.17 12:18,need a va for social media management email marketing and routine tasks,Hourly,http://www.upwork.com/jobs/~015f2e763178e9f169
508,31.07.17 12:18,website design,Hourly,http://www.upwork.com/jobs/~0117a71772ed47758c
509,31.07.17 12:18,creative designer required for responsive website design,$248,http://www.upwork.com/jobs/~018ce3ed6d93020eed
510,31.07.17 12:18,convert a psd to wordpress,$40,http://www.upwork.com/jobs/~01be4354bc932ee1fb
511,31.07.17 13:03,rockstar facebook ads manager,Hourly,http://www.upwork.com/jobs/~01224a8166f99b6b7e
512,31.07.17 13:03,ecommerce website to be finished,$600,http://www.upwork.com/jobs/~019a3b1ab03e7b9287
513,31.07.17 13:03,super fast image editor needed,$400,http://www.upwork.com/jobs/~0184f17d7c04017051
514,31.07.17 13:03,need website created,$1000,http://www.upwork.com/jobs/~01457f57d0a4d1b46b
515,31.07.17 13:18,personal virtual assistant to help launch a couple of new fashion e commerce sites,Hourly,http://www.upwork.com/jobs/~01bc883fee9806f737
516,31.07.17 13:18,wordpress content management and update change add some functions,Hourly,http://www.upwork.com/jobs/~01dda8ecfa6cceb8c8
517,31.07.17 13:18,changes required to existing wp theme,$50,http://www.upwork.com/jobs/~01e9db1cc8fe87abe9
518,31.07.17 13:18,angular project,$60,http://www.upwork.com/jobs/~01ddbcc3d526dadb76
519,31.07.17 13:18,seeking web developers for website development,$100,http://www.upwork.com/jobs/~01ce1f2b238161b881
520,31.07.17 13:18,dropshipping supplier website development,$200,http://www.upwork.com/jobs/~0129d27a28ac07102f
521,31.07.17 13:18,wordpress loading time,Hourly,http://www.upwork.com/jobs/~01f6fd515cb0c73813
522,31.07.17 13:18,2k mth guest post project [long term high paying client],$2000,http://www.upwork.com/jobs/~01d817605ff68dba39
523,31.07.17 14:04,seo gun fast results,$100,http://www.upwork.com/jobs/~0193a3eedf222d0a6a
524,31.07.17 14:04,create an image 900 x 305 px,$10,http://www.upwork.com/jobs/~014fe913e0df201b1c
525,31.07.17 14:04,conversion rate optimisation specialist,Hourly,http://www.upwork.com/jobs/~010e9fd55fcbd84fb0
526,31.07.17 14:19,wordpress plugin integrating to member mouse and visual composer,$250,http://www.upwork.com/jobs/~0153ccc2f3a2490be2
527,31.07.17 15:04,ux redevelop our sign up and onboarding process to discuss ongoing consultancy,Hourly,http://www.upwork.com/jobs/~0148eb3c5ecee782a6
528,31.07.17 15:04,looking for reliable web developer with seo knowledge,Hourly,http://www.upwork.com/jobs/~01f871e54cddef0cc9
529,31.07.17 15:14,graphic designer web designer,Hourly,http://www.upwork.com/jobs/~018df512dd03284475
530,31.07.17 15:14,top domain links,Hourly,http://www.upwork.com/jobs/~019e022a97fa353655
531,31.07.17 15:14,i need someone who got airbnb acount,Hourly,http://www.upwork.com/jobs/~0147af85cce46290b6
532,31.07.17 15:14,php developer needed for a simple sport betting tips website graphics provided,$600,http://www.upwork.com/jobs/~01c8b96db9ba510251
533,31.07.17 15:14,speed up wordpress website,$25,http://www.upwork.com/jobs/~01f8c7807b9a120ea9
534,31.07.17 15:14,the creation of the game,$800,http://www.upwork.com/jobs/~011773bb574978ad02
535,31.07.17 15:14,facebook ads manager,$1000,http://www.upwork.com/jobs/~013905267b59dfcadc
536,31.07.17 15:14,travel company website,Hourly,http://www.upwork.com/jobs/~01f27e42c05872f2e7
537,31.07.17 15:14,migrate and modification to existing website wordpress,$75,http://www.upwork.com/jobs/~015bd5a9c431de0619
538,31.07.17 15:14,wordpress website angularjs kendo ui front end development,$1000,http://www.upwork.com/jobs/~013704f545f66c2805
539,31.07.17 15:14,move site from one webhotel to another,$100,http://www.upwork.com/jobs/~01d4564fc417de820d
540,31.07.17 15:14,html to wordpress conversion,$45,http://www.upwork.com/jobs/~014f314e53dd2e6683
541,31.07.17 16:04,add logo as watermark to photos in bulk apply only if you know what software to use to do this fast and with quality results,Hourly,http://www.upwork.com/jobs/~01251e42c8e3b53b79
542,31.07.17 17:04,experienced podcast editor producer needed for long term job,Hourly,http://www.upwork.com/jobs/~0169bfabb8e73d5840
543,31.07.17 17:04,project manager ukraine only,$1500,http://www.upwork.com/jobs/~01562b40c4491785a1
544,31.07.17 18:09,[ios python] build browser app with a integrated popup start today finish tomorrow fast cash and further opportunities,$1000,http://www.upwork.com/jobs/~01273813bb37b10d37
545,31.07.17 18:09,seo optimization for website,Just Need Pros,http://www.upwork.com/jobs/~01ac3d6c2182269a62
546,31.07.17 18:09,cross platform mobile app using xamarin,$1800,http://www.upwork.com/jobs/~01ebdb54eda5371d6b
547,31.07.17 18:09,website maker business,$60,http://www.upwork.com/jobs/~01058c6c03f30c63b9
548,31.07.17 18:09,wordpress developer woocommerce expert,Hourly,http://www.upwork.com/jobs/~018604ab3198c289eb
549,31.07.17 19:09,new real estate website with wordpress to be optimized,$500,http://www.upwork.com/jobs/~01ef3123e0aecbcde3
550,31.07.17 20:09,need a web application and landing page,$75,http://www.upwork.com/jobs/~014badf4f7c10cad36
551,31.07.17 20:09,experienced virtual assistant va full time long term start asap,Hourly,http://www.upwork.com/jobs/~013ddcd8bdff192316
552,31.07.17 20:09,wordpress ninja,Hourly,http://www.upwork.com/jobs/~01c6636189ec01fa43
553,31.07.17 21:19,optimize existing hubspot website for speed,Hourly,http://www.upwork.com/jobs/~01585c00c1a5e631a5
554,31.07.17 21:19,web scraping or api and loading into database,$500,http://www.upwork.com/jobs/~01cd7d60c07fb48991
555,31.07.17 21:19,site speed optimization for my shopify website,Hourly,http://www.upwork.com/jobs/~0175722a7ca129a548
556,31.07.17 21:19,product images simple edits exposure fix,Hourly,http://www.upwork.com/jobs/~010692394a36d62087
557,31.07.17 21:19,technical support with web development experience,Hourly,http://www.upwork.com/jobs/~01e330a7495a92548f
558,31.07.17 22:19,wordpress speed optimization job,$10,http://www.upwork.com/jobs/~018d7998b6511a409f
559,31.07.17 22:19,on page optimization experts,Hourly,http://www.upwork.com/jobs/~01bdbf41fed97b9316
560,31.07.17 23:25,wordpress site with shopping cart integrated with paypal and as well as credit processing,$100,http://www.upwork.com/jobs/~0188f7b0d2f082466a
561,31.07.17 23:25,we are looking for a senior frontend engineer,$5000,http://www.upwork.com/jobs/~015f66beeeff67f353
562,31.07.17 23:25,content writer cum marketing executive,Hourly,http://www.upwork.com/jobs/~01b9dff52e095ea93e
563,31.07.17 23:25,graphic designer for tech startup,Hourly,http://www.upwork.com/jobs/~0124cb33b3a2cfa32d
564,31.07.17 23:25,word press expert wanted real estate website,Hourly,http://www.upwork.com/jobs/~0116231a1d3813b0a3
565,01.08.17 00:25,wordpress website speed optimization,$75,http://www.upwork.com/jobs/~01267275db6d526f23
566,01.08.17 00:25,estimate needed transition wp bespoke website into wp price comparison theme,$20,http://www.upwork.com/jobs/~018d744bf0b16a43ad
567,01.08.17 00:25,need researcher to conduct market research and use linkedin and anymailfinder to build lists of prospects,$300,http://www.upwork.com/jobs/~01a5ef05da8e51a5df
568,01.08.17 01:30,web developer,Hourly,http://www.upwork.com/jobs/~011bc81f2f7c316baa
569,01.08.17 02:30,full time virtual marketing assistant,Hourly,http://www.upwork.com/jobs/~0129fa0eb6bdd174fa
570,01.08.17 02:30,targeted list building,$1000,http://www.upwork.com/jobs/~01f75ef8ad937d41ed
571,01.08.17 02:30,graphic design web development irish social enterprise,Hourly,http://www.upwork.com/jobs/~01951978daae4ec563
572,01.08.17 03:30,need someone who knows wordpress optimization link building,Hourly,http://www.upwork.com/jobs/~01e4eaf84cb099c361
573,01.08.17 03:30,seo article writer long term work available for the right person,$50,http://www.upwork.com/jobs/~013e7a7ae1b9f048fa
574,01.08.17 04:30,looking for an experienced developer to develop a good looking professional seo friendly responsive and fully functional ecommerce website for retail clothing,$1000,http://www.upwork.com/jobs/~01f881dfd3f0464c61
575,01.08.17 06:30,shopify coding genius,Hourly,http://www.upwork.com/jobs/~010cfa9f3d46ff3584
576,01.08.17 06:30,australia property for sale search and report system automated,Hourly,http://www.upwork.com/jobs/~019c3509c8b39ddf55
577,01.08.17 07:30,facebook advertising facebook fan pages creation and facebook content creation,$65,http://www.upwork.com/jobs/~0197079172535843e8
578,01.08.17 07:30,wordpress expert required,$150,http://www.upwork.com/jobs/~01ce3c7f08e48f0eea
579,01.08.17 07:30,new website design wordpress,$400,http://www.upwork.com/jobs/~011f0c380151ff9637
580,01.08.17 08:35,rebuild current website using a blank visual composer theme,$100,http://www.upwork.com/jobs/~0101e72869bba65990
581,01.08.17 08:35,seo expert needed,Hourly,http://www.upwork.com/jobs/~01fd81ecf04b263779
582,01.08.17 08:35,wordpress based website refresh and optimization,Hourly,http://www.upwork.com/jobs/~011299f8fb7225e9c9
583,01.08.17 08:35,web to excel data entry copy paste,$100,http://www.upwork.com/jobs/~01421e5efe57b2c9d1
584,01.08.17 09:30,wordpress speed optimization,$5,http://www.upwork.com/jobs/~01f2f4a0031aa81041
585,01.08.17 10:31,need to make shopify site fast,$20,http://www.upwork.com/jobs/~010cadbac431ec54c3
586,01.08.17 10:31,wordpress presentation page function development,$1000,http://www.upwork.com/jobs/~014b4aeef0df4cab80
587,01.08.17 11:31,need help uploading stock photos to different websites,Hourly,http://www.upwork.com/jobs/~01a19b8e6943a9f406
588,01.08.17 11:31,wordpress theme modifications and better mobile navigation using a mega menu more,Hourly,http://www.upwork.com/jobs/~01b9626fd508884dd8
589,01.08.17 11:31,smm sem specialist long term contract,$350,http://www.upwork.com/jobs/~01f30fef79f348a9de
590,01.08.17 12:31,custom website with class booking cms and various integrations,$50000,http://www.upwork.com/jobs/~013cff3fc09a080a60
591,01.08.17 12:31,copy and paste product numbers from amazon,Hourly,http://www.upwork.com/jobs/~014dfa8719bda77b1c
592,01.08.17 12:31,looking for a prospector to help find potential clients to contact,Hourly,http://www.upwork.com/jobs/~01494acb7bea45a534
593,01.08.17 13:31,german sales superstar instagram agency,Hourly,http://www.upwork.com/jobs/~01dc92f60475134993
594,01.08.17 13:31,australian roofing company experiences exponential growth and needs your help,Hourly,http://www.upwork.com/jobs/~01c989d2d459aa7166
595,01.08.17 15:36,looking for a web developer to build a website for a us environmental nonprofit,Hourly,http://www.upwork.com/jobs/~01fc54c8ed3e0c3eee
596,01.08.17 15:36,website design fixing and upgrade,$300,http://www.upwork.com/jobs/~01e1f2fa47d5fd922b
597,01.08.17 16:36,create adv video using aftereffects simple text images animations sync to voiceover,$400,http://www.upwork.com/jobs/~01cc567a5632ee0d96
598,01.08.17 16:36,script conversion from asp net to php,Hourly,http://www.upwork.com/jobs/~01eb3a93c82fe98dfc
599,01.08.17 16:36,seeking an experienced wordpress developer,Hourly,http://www.upwork.com/jobs/~01f92bdd2c06dba10a
600,01.08.17 17:36,data mining to find competitive pricing,$400,http://www.upwork.com/jobs/~013ff53a2f0314c904
601,01.08.17 17:36,website creation,Hourly,http://www.upwork.com/jobs/~01a9b9ddbcee821656
602,01.08.17 18:36,recover a wordpress site from backup,$5,http://www.upwork.com/jobs/~0130c438e2a33a03d9
603,01.08.17 18:36,virtual assistant,Hourly,http://www.upwork.com/jobs/~012ee1327bbae85d35
604,01.08.17 18:36,ux expert needed for project,Hourly,http://www.upwork.com/jobs/~011bcf707fddb28d54
605,01.08.17 18:36,ruby web app gamified e learning platform,$5000,http://www.upwork.com/jobs/~018af4706364cad3f9
606,01.08.17 18:36,increase the website speed,$50,http://www.upwork.com/jobs/~01be63d36262556632
607,01.08.17 18:36,beautiful web app custom development python ongoing work,$5,http://www.upwork.com/jobs/~01a840a61c03415f22
608,01.08.17 19:37,ecommerce website,$500,http://www.upwork.com/jobs/~015fe69673277060b6
609,01.08.17 19:37,revise optimize bash script to update websites,Hourly,http://www.upwork.com/jobs/~013dd2474526ca94cd
610,01.08.17 19:37,animated explainer video,$100,http://www.upwork.com/jobs/~012283d366a50b30b2
611,01.08.17 19:37,enterprise on demand delivery service platform better version of ubereats,Hourly,http://www.upwork.com/jobs/~018159d2b436750fef
612,01.08.17 20:42,pinterest manager required,Hourly,http://www.upwork.com/jobs/~01f0695cf05e59a754
613,01.08.17 20:42,automated purchasing program,Hourly,http://www.upwork.com/jobs/~01cf977ad47e08617d
614,01.08.17 21:42,client side image resize for wordpress faster uploading is the goal,$300,http://www.upwork.com/jobs/~0126f628c21363aa6d
615,01.08.17 21:42,speed up the website,$50,http://www.upwork.com/jobs/~0183bf963180b456d3
616,01.08.17 21:42,looking for a developer who can set up a shopify e commerce website,$600,http://www.upwork.com/jobs/~01e0455a1c1b75a331
617,01.08.17 22:42,experienced marketer needed for email list database creation management,Hourly,http://www.upwork.com/jobs/~01e51f1d18b78962a6
618,01.08.17 22:42,shopify superstar preferably with experience in pixel union s vogue theme,$100,http://www.upwork.com/jobs/~016f1a865e24c9b3fc
619,01.08.17 23:47,wordpress woocommerce website speed audit and optimization,Hourly,http://www.upwork.com/jobs/~01dd08ce80b96bcd61
620,01.08.17 23:47,seo va for various tasks,Hourly,http://www.upwork.com/jobs/~017b0a9c80580a24b8
621,01.08.17 23:47,finish my wordpress site,Hourly,http://www.upwork.com/jobs/~014e70e183ed24b480
622,01.08.17 23:47,ad copy marketing content writer needed for full time hire 9 5 pm est job,Hourly,http://www.upwork.com/jobs/~014d91998abea46f5d
623,01.08.17 23:47,looking for seo pro for occasional onsite optimizations,$80,http://www.upwork.com/jobs/~012de3d95574222f47
624,01.08.17 23:47,full time graphic designer needed for facebook marketing agency,Hourly,http://www.upwork.com/jobs/~01d9c02cbb56f19083
625,01.08.17 23:47,website speed optimization,Hourly,http://www.upwork.com/jobs/~01db366f03526651c6
626,02.08.17 00:47,an optimistic and highly organized virtual assistant with strong english speaking skills,Hourly,http://www.upwork.com/jobs/~0106d466c4906715bf
627,02.08.17 00:47,website s wireframe colour palette ui logo,Hourly,http://www.upwork.com/jobs/~01d9456efe1f88d46b
628,02.08.17 00:47,italian translator,Hourly,http://www.upwork.com/jobs/~017e6afd2ffe64c159
629,02.08.17 00:47,freelance writer marketing communications professional needed,Hourly,http://www.upwork.com/jobs/~014494d5222fcdb460
630,02.08.17 01:47,consultation design is needed website s wireframe colour palette ui logo,$50,http://www.upwork.com/jobs/~01b0ded1bbf2a593c7
631,02.08.17 01:47,need someone to write product description for long time,$50,http://www.upwork.com/jobs/~01c5f186e3f7902784
